<?xml version="1.0" encoding="utf-8" standalone="yes"?>
<rss version="2.0" xmlns:atom="http://www.w3.org/2005/Atom">
  <channel>
    <title>Springboot2 in Fargate on Lambda On Java Workshop</title>
    <link>/replatform/springboot2-fargate.html</link>
    <description>Recent content in Springboot2 in Fargate on Lambda On Java Workshop</description>
    <generator>Hugo -- gohugo.io</generator>
    <language>en-US</language>
    
	<atom:link href="/replatform/springboot2-fargate/index.xml" rel="self" type="application/rss+xml" />
    
    
  </channel>
</rss>