<?xml version="1.0" encoding="utf-8" standalone="yes"?>
<rss version="2.0" xmlns:atom="http://www.w3.org/2005/Atom">
  <channel>
    <title>Lambda On Java Workshop</title>
    <link>/</link>
    <description>Recent content on Lambda On Java Workshop</description>
    <generator>Hugo -- gohugo.io</generator>
    <language>en-US</language>
    
	<atom:link href="/index.xml" rel="self" type="application/rss+xml" />
    
    
    <item>
      <title>Ireland</title>
      <link>/set-up/eu-central-1.html</link>
      <pubDate>Mon, 01 Jan 0001 00:00:00 +0000</pubDate>
      
      <guid>/set-up/eu-central-1.html</guid>
      <description>Create your AWS Cloud9 Environment by launching this CloudFormation template in Frankfurt, with clicking on the below Launch button.
   AWS CloudFormation launch template Launch in Frankfurt     AWS Cloud9 IDE  Launch     </description>
    </item>
    
    <item>
      <title>Ireland</title>
      <link>/set-up/eu-west-1.html</link>
      <pubDate>Mon, 01 Jan 0001 00:00:00 +0000</pubDate>
      
      <guid>/set-up/eu-west-1.html</guid>
      <description>Create your AWS Cloud9 Environment by launching this CloudFormation template in Ireland, with clicking on the below Launch button.
   AWS CloudFormation launch template Launch in Ireland     AWS Cloud9 IDE  Launch     </description>
    </item>
    
    <item>
      <title>Oregon</title>
      <link>/set-up/us-west-2.html</link>
      <pubDate>Mon, 01 Jan 0001 00:00:00 +0000</pubDate>
      
      <guid>/set-up/us-west-2.html</guid>
      <description>Create your AWS Cloud9 Environment by launching this CloudFormation template in Oregon, with clicking on the below Launch button.
   AWS CloudFormation launch template Launch in Oregon     AWS Cloud9 IDE  Launch     </description>
    </item>
    
  </channel>
</rss>